DisplayName,GivenName,Surname,sAMAccountName,EmailAddress,Title,EmployeeID,EmployeeNumber,Department,Company,OfficePhone,physicalDeliveryOfficeName,StreetAddress,City,State,PostalCode,Country
Jeremias Espinosa,Jeremias,Espinosa,Jeremias.Espinosa,Jeremias.Espinosa@abt-networks.net,Accounting Manager,1665,1601,Accounting,ABT Networks,12125990184 1665,ABT Networks,200 Park Avenue,New York,NY,10166,US
Carlota Melgar,Carlota,Melgar,Carlota.Melgar,Carlota.Melgar@abt-networks.net,Accountant,2345,155,Accounting,ABT Networks,12125990184 2345,ABT Networks,200 Park Avenue,New York,NY,10166,US
Cristobal Valentin,Cristobal,Valentin,Cristobal.Valentin,Cristobal.Valentin@abt-networks.net,Accountant,2818,1572,Accounting,ABT Networks,12125990184 2818,ABT Networks,200 Park Avenue,New York,NY,10166,US
Ataa Badakhshi,Ataa,Badakhshi,Ataa.Badakhshi,Ataa.Badakhshi@abt-networks.net,Accountant,2329,1496,Accounting,ABT Networks,12125990184 2329,ABT Networks,200 Park Avenue,New York,NY,10166,US
Shams Elmarakshi,Shams,Elmarakshi,Shams.Elmarakshi,Shams.Elmarakshi@abt-networks.net,Accountant,1434,552,Accounting,ABT Networks,12125990184 1434,ABT Networks,200 Park Avenue,New York,NY,10166,US
Hasibah Kassis,Hasibah,Kassis,Hasibah.Kassis,Hasibah.Kassis@abt-networks.net,Senior Accountant,2216,104,Accounting,ABT Networks,12125990184 2216,ABT Networks,200 Park Avenue,New York,NY,10166,US
Shams Miseidani,Shams,Miseidani,Shams.Miseidani,Shams.Miseidani@abt-networks.net,Accountant,2135,1094,Accounting,ABT Networks,12125990184 2135,ABT Networks,200 Park Avenue,New York,NY,10166,US
Corey Gray,Corey,Gray,Corey.Gray,Corey.Gray@abt-networks.net,Senior Accountant,2697,1349,Accounting,ABT Networks,12125990184 2697,ABT Networks,200 Park Avenue,New York,NY,10166,US
Elizabeth Moore,Elizabeth,Moore,Elizabeth.Moore,Elizabeth.Moore@abt-networks.net,Accountant,2142,575,Accounting,ABT Networks,12125990184 2142,ABT Networks,200 Park Avenue,New York,NY,10166,US
Abigail Jackson,Abigail,Jackson,Abigail.Jackson,Abigail.Jackson@abt-networks.net,Accountant,2382,697,Accounting,ABT Networks,12125990184 2382,ABT Networks,200 Park Avenue,New York,NY,10166,US
Frederique Pelletier,Frederique,Pelletier,Frederique.Pelletier,Frederique.Pelletier@abt-networks.net,Accounting Director,1304,1633,Accounting,ABT Networks,12125990184 1304,ABT Networks,200 Park Avenue,New York,NY,10166,US
Elise Vadeboncoeur,Elise,Vadeboncoeur,Elise.Vadeboncoeur,Elise.Vadeboncoeur@abt-networks.net,Accountant,1038,1592,Accounting,ABT Networks,12125990184 1038,ABT Networks,200 Park Avenue,New York,NY,10166,US
Theodore Lamy,Theodore,Lamy,Theodore.Lamy,Theodore.Lamy@abt-networks.net,Accountant,1966,1568,Accounting,ABT Networks,12125990184 1966,ABT Networks,200 Park Avenue,New York,NY,10166,US
Genevieve Plante,Genevieve,Plante,Genevieve.Plante,Genevieve.Plante@abt-networks.net,Manager Administration,1416,312,Administration,ABT Networks,12125990184 1416,ABT Networks,200 Park Avenue,New York,NY,10166,US
Nicoletta Charrette,Nicoletta,Charette,Nicoletta.Charette,Nicoletta.Charette@abt-networks.net,Administrative Assistant,2724,1383,Administration,ABT Networks,12125990184 2724,ABT Networks,200 Park Avenue,New York,NY,10166,US
Andres Delgadillo,Andres,Delgadillo,Andres.Delgadillo,Andres.Delgadillo@abt-networks.net,Administrative Assistant,1319,1824,Administration,ABT Networks,12125990184 1319,ABT Networks,200 Park Avenue,New York,NY,10166,US
Belen Lara,Belen,Lara,Belen.Lara,Belen.Lara@abt-networks.net,Administrative Assistant,2044,930,Administration,ABT Networks,12125990184 2044,ABT Networks,200 Park Avenue,New York,NY,10166,US
Alberto Tercedor,Alberto,Tercedor,Alberto.Tercedor,Alberto.Tercedor@abt-networks.net,Administrative Assistant,2785,341,Administration,ABT Networks,12125990184 2785,ABT Networks,200 Park Avenue,New York,NY,10166,US
Marina Robledo,Marina,Robledo,Marina.Robledo,Marina.Robledo@abt-networks.net,Administrative Assistant,1840,895,Administration,ABT Networks,12125990184 1840,ABT Networks,200 Park Avenue,New York,NY,10166,US
Sergio Valladares,Sergio,Valladares,Sergio.Valladares,Sergio.Valladares@abt-networks.net,Administrative Assistant,1608,248,Administration,ABT Networks,12125990184 1608,ABT Networks,200 Park Avenue,New York,NY,10166,US
Ajlal Nueimat,Ajlal,Nueimat,Ajlal.Nueimat,Ajlal.Nueimat@abt-networks.net,Administration PM,2336,1490,Administration,ABT Networks,12125990184 2336,ABT Networks,200 Park Avenue,New York,NY,10166,US
Skye Abadi,Skye,Abadi,Skye.Abadi,Skye.Abadi@abt-networks.net,Administration PM,1415,1312,Administration,ABT Networks,12125990184 1415,ABT Networks,200 Park Avenue,New York,NY,10166,US
Kayla Lewis,Kayla,Lewis,Kayla.Lewis,Kayla.Lewis@abt-networks.net,Administrative Assistant,1696,1219,Administration,ABT Networks,12125990184 1696,ABT Networks,200 Park Avenue,New York,NY,10166,US
Felix Henderson,Felix,Henderson,Felix.Henderson,Felix.Henderson@abt-networks.net,Administration PM,1157,1303,Administration,ABT Networks,12125990184 1157,ABT Networks,200 Park Avenue,New York,NY,10166,US
Hannah Jarvis,Hannah,Jarvis,Hannah.Jarvis,Hannah.Jarvis@abt-networks.net,Administrative Assistant,2278,918,Administration,ABT Networks,12125990184 2278,ABT Networks,200 Park Avenue,New York,NY,10166,US
Omar Bennett,Omar,Bennett,Omar.Bennett,Omar.Bennett@abt-networks.net,Administrative Assistant,2435,1237,Administration,ABT Networks,12125990184 2435,ABT Networks,200 Park Avenue,New York,NY,10166,US
Rowan Murphy,Rowan,Murphy,Rowan.Murphy,Rowan.Murphy@abt-networks.net,Director Adminstration,1010,1735,Administration,ABT Networks,12125990184 1010,ABT Networks,200 Park Avenue,New York,NY,10166,US
Marie Berthelette,Marie,Berthelette,Marie.Berthelette,Marie.Berthelette@abt-networks.net,Administrative Assistant,1564,1782,Administration,ABT Networks,12125990184 1564,ABT Networks,200 Park Avenue,New York,NY,10166,US
Rene Pelletier,Rene,Pelletier,Rene.Pelletier,Rene.Pelletier@abt-networks.net,Administrative Assistant,2701,1706,Administration,ABT Networks,12125990184 2701,ABT Networks,200 Park Avenue,New York,NY,10166,US
Philippe Chauvin,Philippe,Chauvin,Philippe.Chauvin,Philippe.Chauvin@abt-networks.net,Administrative Assistant,1358,1561,Administration,ABT Networks,12125990184 1358,ABT Networks,200 Park Avenue,New York,NY,10166,US
Alex Gagnon,Alex,Gagnon,Alex.Gagnon,Alex.Gagnon@abt-networks.net,Administrative Assistant,2710,1473,Administration,ABT Networks,12125990184 2710,ABT Networks,200 Park Avenue,New York,NY,10166,US
Noel Belisle,Noel,Belisle,Noel.Belisle,Noel.Belisle@abt-networks.net,Customer Service Manager,2289,922,Customers Services,ABT Networks,12125990184 2289,ABT Networks,200 Park Avenue,New York,NY,10166,US
Maria Zelaya,Maria,Zelaya,Maria.Zelaya,Maria.Zelaya@abt-networks.net,Customer Service Representative,1578,120,Customers Services,ABT Networks,12125990184 1578,ABT Networks,200 Park Avenue,New York,NY,10166,US
Pelayo Valentin,Pelayo,Valentin,Pelayo.Valentin,Pelayo.Valentin@abt-networks.net,Customer Service Representative,1462,1939,Customers Services,ABT Networks,12125990184 1462,ABT Networks,200 Park Avenue,New York,NY,10166,US
Ruwaidah Fakhoury,Ruwaidah,Fakhoury,Ruwaidah.Fakhoury,Ruwaidah.Fakhoury@abt-networks.net,Customer Service Representative,2400,480,Customers Services,ABT Networks,12125990184 2400,ABT Networks,200 Park Avenue,New York,NY,10166,US
Gehad Kerazi,Gehad,Kerazi,Gehad.Kerazi,Gehad.Kerazi@abt-networks.net,Customer Service Representative,2692,930,Customers Services,ABT Networks,12125990184 2692,ABT Networks,200 Park Avenue,New York,NY,10166,US
Tuqaa Guirguis,Tuqaa,Guirguis,Tuqaa.Guirguis,Tuqaa.Guirguis@abt-networks.net,Customer Service Representative,1155,280,Customers Services,ABT Networks,12125990184 1155,ABT Networks,200 Park Avenue,New York,NY,10166,US
Reda Sayegh,Reda,Sayegh,Reda.Sayegh,Reda.Sayegh@abt-networks.net,Customer Service Representative,1476,1805,Customers Services,ABT Networks,12125990184 1476,ABT Networks,200 Park Avenue,New York,NY,10166,US
Avery Howard,Avery,Howard,Avery.Howard,Avery.Howard@abt-networks.net,Customer Service Representative,2462,124,Customers Services,ABT Networks,12125990184 2462,ABT Networks,200 Park Avenue,New York,NY,10166,US
Hayden Cook,Hayden,Cook,Hayden.Cook,Hayden.Cook@abt-networks.net,Customer Service Representative,1118,138,Customers Services,ABT Networks,12125990184 1118,ABT Networks,200 Park Avenue,New York,NY,10166,US
Tyler Stein,Tyler,Stein,Tyler.Stein,Tyler.Stein@abt-networks.net,Customer Service Representative,1466,1608,Customers Services,ABT Networks,12125990184 1466,ABT Networks,200 Park Avenue,New York,NY,10166,US
Parker McLean,Parker,McLean,Parker.McLean,Parker.McLean@abt-networks.net,Customer Service Representative,1725,1511,Customers Services,ABT Networks,12125990184 1725,ABT Networks,200 Park Avenue,New York,NY,10166,US
Annette Flamand,Annette,Flamand,Annette.Flamand,Annette.Flamand@abt-networks.net,Customer Service Representative,1541,601,Customers Services,ABT Networks,12125990184 1541,ABT Networks,200 Park Avenue,New York,NY,10166,US
Audrey Dumoulin,Audrey,Dumoulin,Audrey.Dumoulin,Audrey.Dumoulin@abt-networks.net,Customer Service Representative,1194,189,Customers Services,ABT Networks,12125990184 1194,ABT Networks,200 Park Avenue,New York,NY,10166,US
Coralie Hetu,Coralie,Hetu,Coralie.Hetu,Coralie.Hetu@abt-networks.net,Customer Service Representative,1343,1453,Customers Services,ABT Networks,12125990184 1343,ABT Networks,200 Park Avenue,New York,NY,10166,US
Maureen Labrecque,Maureen,Labrecque,Maureen.Labrecque,Maureen.Labrecque@abt-networks.net,Customer Service Director,1523,678,Customers Services,ABT Networks,12125990184 1523,ABT Networks,200 Park Avenue,New York,NY,10166,US
Marcel Langelier,Marcel,Langelier,Marcel.Langelier,Marcel.Langelier@abt-networks.net,Customer Service Representative,1170,1208,Customers Services,ABT Networks,12125990184 1170,ABT Networks,200 Park Avenue,New York,NY,10166,US
Coralie Monjeau,Coralie,Monjeau,Coralie.Monjeau,Coralie.Monjeau@abt-networks.net,Customer Service Representative,2936,557,Customers Services,ABT Networks,12125990184 2936,ABT Networks,200 Park Avenue,New York,NY,10166,US
Alea Natsheh,Alea,Natsheh,Alea.Natsheh,Alea.Natsheh@abt-networks.net,Data Analyst,1438,391,Data Services,ABT Networks,12125990184 1438,ABT Networks,200 Park Avenue,New York,NY,10166,US
Alina Kazzi,Alina,Kazzi,Alina.Kazzi,Alina.Kazzi@abt-networks.net,Data Analyst,2968,1006,Data Services,ABT Networks,12125990184 2968,ABT Networks,200 Park Avenue,New York,NY,10166,US
Amari Rivera,Amari,Rivera,Amari.Rivera,Amari.Rivera@abt-networks.net,Data Analyst,2112,268,Data Services,ABT Networks,12125990184 2112,ABT Networks,200 Park Avenue,New York,NY,10166,US
Casey Jensen,Casey,Jensen,Casey.Jensen,Casey.Jensen@abt-networks.net,Data Analyst,1615,583,Data Services,ABT Networks,12125990184 1615,ABT Networks,200 Park Avenue,New York,NY,10166,US
Jessie Irwin,Jessie,Irwin,Jessie.Irwin,Jessie.Irwin@abt-networks.net,Data Analyst,1534,323,Data Services,ABT Networks,12125990184 1534,ABT Networks,200 Park Avenue,New York,NY,10166,US
Maria Sullivan,Maria,Sullivan,Maria.Sullivan,Maria.Sullivan@abt-networks.net,Data Analyst,2651,1308,Data Services,ABT Networks,12125990184 2651,ABT Networks,200 Park Avenue,New York,NY,10166,US
William Beringer,William,Beringer,William.Beringer,William.Beringer@abt-networks.net,Data Analyst,2687,802,Data Services,ABT Networks,12125990184 2687,ABT Networks,200 Park Avenue,New York,NY,10166,US
Sam Centrell,Sam,Cantrell,Sam.Cantrell,Sam.Cantrell@abt-networks.net,Data Analyst,2226,1420,Data Services,ABT Networks,12125990184 2226,ABT Networks,200 Park Avenue,New York,NY,10166,US
Shawn Hughes,Shawn,Hughes,Shawn.Hughes,Shawn.Hughes@abt-networks.net,Data Analyst,1593,1270,Data Services,ABT Networks,12125990184 1593,ABT Networks,200 Park Avenue,New York,NY,10166,US
Bernadette Leblanc,Bernadette,Leblanc,Bernadette.Leblanc,Bernadette.Leblanc@abt-networks.net,Data Analyst,1791,1788,Data Services,ABT Networks,12125990184 1791,ABT Networks,200 Park Avenue,New York,NY,10166,US
Genevieve Arcouet,Genevieve,Arcouet,Genevieve.Arcouet,Genevieve.Arcouet@abt-networks.net,Data Analyst,1864,295,Data Services,ABT Networks,12125990184 1864,ABT Networks,200 Park Avenue,New York,NY,10166,US
Gilbert Bonsaint,Gilbert,Bonsaint,Gilbert.Bonsaint,Gilbert.Bonsaint@abt-networks.net,Records Manager,1350,582,Records,ABT Networks,12125990184 1350,ABT Networks,200 Park Avenue,New York,NY,10166,US
Denise Lebatelier,Denise,Lebatelier,Denise.Lebatelier,Denise.Lebatelier@abt-networks.net,Records Clerk,2192,1791,Records,ABT Networks,12125990184 2192,ABT Networks,200 Park Avenue,New York,NY,10166,US
Marie Methot,Marie,Methot,Marie.Methot,Marie.Methot@abt-networks.net,Records Clerk,2538,172,Records,ABT Networks,12125990184 2538,ABT Networks,200 Park Avenue,New York,NY,10166,US
Sasha Ouellet,Sasha,Ouellet,Sasha.Ouellet,Sasha.Ouellet@abt-networks.net,Records Clerk,1752,231,Records,ABT Networks,12125990184 1752,ABT Networks,200 Park Avenue,New York,NY,10166,US
Marcel Paulet,Marcel,Paulet,Marcel.Paulet,Marcel.Paulet@abt-networks.net,Records Clerk,1751,1881,Records,ABT Networks,12125990184 1751,ABT Networks,200 Park Avenue,New York,NY,10166,US
Beatriz Melgar,Beatriz,Melgar,Beatriz.Melgar,Beatriz.Melgar@abt-networks.net,Records Clerk,1178,1476,Records,ABT Networks,12125990184 1178,ABT Networks,200 Park Avenue,New York,NY,10166,US
Humayd Wahdani,Humayd,Wahdani,Humayd.Wahdani,Humayd.Wahdani@abt-networks.net,Records Director,1088,1929,Records,ABT Networks,12125990184 1088,ABT Networks,200 Park Avenue,New York,NY,10166,US
Hafsa Hayek,Hafsa,Hayek,Hafsa.Hayek,Hafsa.Hayek@abt-networks.net,Records Clerk,2708,1996,Records,ABT Networks,12125990184 2708,ABT Networks,200 Park Avenue,New York,NY,10166,US
Ismat Shamoun,Ismat,Shamoun,Ismat.Shamoun,Ismat.Shamoun@abt-networks.net,Records Clerk,2874,640,Records,ABT Networks,12125990184 2874,ABT Networks,200 Park Avenue,New York,NY,10166,US
Maurice Paulet,Maurice,Paulet,Maurice.Paulet,Maurice.Paulet@abt-networks.net,Human Resources Manager,1861,1294,Human Resources,ABT Networks,12125990184 1861,ABT Networks,200 Park Avenue,New York,NY,10166,US
Dalia Pelayo,Dalia,Pelayo,Dalia.Pelayo,Dalia.Pelayo@abt-networks.net,Human Resources Director,1643,782,Human Resources,ABT Networks,12125990184 1643,ABT Networks,200 Park Avenue,New York,NY,10166,US
Eulalia Teran,Eulalia,Teran,Eulalia.Teran,Eulalia.Teran@abt-networks.net,Human Resources Agent,1987,1587,Human Resources,ABT Networks,12125990184 1987,ABT Networks,200 Park Avenue,New York,NY,10166,US
Julia Linares,Julia,Linares,Julia.Linares,Julia.Linares@abt-networks.net,Human Resources Agent,1293,1964,Human Resources,ABT Networks,12125990184 1293,ABT Networks,200 Park Avenue,New York,NY,10166,US
Paula Nunez,Paula,Nunez,Paula.Nunez,Paula.Nunez@abt-networks.net,Human Resources Agent,2011,425,Human Resources,ABT Networks,12125990184 2011,ABT Networks,200 Park Avenue,New York,NY,10166,US
Nabighah Maarouf,Nabighah,Maarouf,Nabighah.Maarouf,Nabighah.Maarouf@abt-networks.net,Human Resources Agent,1716,1096,Human Resources,ABT Networks,12125990184 1716,ABT Networks,200 Park Avenue,New York,NY,10166,US
Hamed Bettar,Hamed,Bettar,Hamed.Bettar,Hamed.Bettar@abt-networks.net,Human Resources Agent,1164,342,Human Resources,ABT Networks,12125990184 1164,ABT Networks,200 Park Avenue,New York,NY,10166,US
Imtiyaz Salman,Imtiyaz,Salman,Imtiyaz.Salman,Imtiyaz.Salman@abt-networks.net,Human Resources Agent,1529,1044,Human Resources,ABT Networks,12125990184 1529,ABT Networks,200 Park Avenue,New York,NY,10166,US
Cameron Baker,Cameron,Baker,Cameron.Baker,Cameron.Baker@abt-networks.net,Human Resources Agent,2359,1641,Human Resources,ABT Networks,12125990184 2359,ABT Networks,200 Park Avenue,New York,NY,10166,US
Kendall Collins,Kendall,Collins,Kendall.Collins,Kendall.Collins@abt-networks.net,Human Resources Agent,2845,1952,Human Resources,ABT Networks,12125990184 2845,ABT Networks,200 Park Avenue,New York,NY,10166,US
Kiana Anderson,Kiana,Anderson,Kiana.Anderson,Kiana.Anderson@abt-networks.net,Human Resources Agent,2052,279,Human Resources,ABT Networks,12125990184 2052,ABT Networks,200 Park Avenue,New York,NY,10166,US
Kai Carter,Kai,Carter,Kai.Carter,Kai.Carter@abt-networks.net,Human Resources Agent,2539,1549,Human Resources,ABT Networks,12125990184 2539,ABT Networks,200 Park Avenue,New York,NY,10166,US
Coralie Duperre,Coralie,Duperre,Coralie.Duperre,Coralie.Duperre@abt-networks.net,Human Resources Agent,2277,644,Human Resources,ABT Networks,12125990184 2277,ABT Networks,200 Park Avenue,New York,NY,10166,US
Sebastien Charron,Sebastien,Charron,Sebastien.Charron,Sebastien.Charron@abt-networks.net,Human Resources Agent,2476,1401,Human Resources,ABT Networks,12125990184 2476,ABT Networks,200 Park Avenue,New York,NY,10166,US
Alain Lacoste,Alain,Lacoste,Alain.Lacoste,Alain.Lacoste@abt-networks.net,Director IT Development,2909,480,IT Development,ABT Networks,12125990184 2909,ABT Networks,200 Park Avenue,New York,NY,10166,US
Claude Chasse,Claude,Chasse,Claude.Chasse,Claude.Chasse@abt-networks.net,Manager IT Development,1614,738,IT Development,ABT Networks,12125990184 1614,ABT Networks,200 Park Avenue,New York,NY,10166,US
Naiara Padilla,Naiara,Padilla,Naiara.Padilla,Naiara.Padilla@abt-networks.net,Lead Developer,1553,1126,IT Development,ABT Networks,12125990184 1553,ABT Networks,200 Park Avenue,New York,NY,10166,US
Alberto Hermosilla,Alberto,Hermosilla,Alberto.Hermosilla,Alberto.Hermosilla@abt-networks.net,Lead Developer,1494,1760,IT Development,ABT Networks,12125990184 1494,ABT Networks,200 Park Avenue,New York,NY,10166,US
Abadi Maalouf,Abadi,Maalouf,Abadi.Maalouf,Abadi.Maalouf@abt-networks.net,Lead Developer,1792,830,IT Development,ABT Networks,12125990184 1792,ABT Networks,200 Park Avenue,New York,NY,10166,US
Rabeh Zaher,Rabeh,Zaher,Rabeh.Zaher,Rabeh.Zaher@abt-networks.net,Lead Developer,2412,249,IT Development,ABT Networks,12125990184 2412,ABT Networks,200 Park Avenue,New York,NY,10166,US
Fadlah Baz,Fadilah,Baz,Fadilah.Baz,Fadilah.Baz@abt-networks.net,Lead Developer,2733,1009,IT Development,ABT Networks,12125990184 2733,ABT Networks,200 Park Avenue,New York,NY,10166,US
Briana Hernandez,Briana,Hernandez,Briana.Hernandez,Briana.Hernandez@abt-networks.net,Lead Developer,1956,376,IT Development,ABT Networks,12125990184 1956,ABT Networks,200 Park Avenue,New York,NY,10166,US
Preston Morales,Preston,Morales,Preston.Morales,Preston.Morales@abt-networks.net,Lead Developer,1731,416,IT Development,ABT Networks,12125990184 1731,ABT Networks,200 Park Avenue,New York,NY,10166,US
Elvira Cano,Elvira,Cano,Elvira.Cano,Elvira.Cano@abt-networks.net,Senior Developer,1437,1835,IT Development,ABT Networks,12125990184 1437,ABT Networks,200 Park Avenue,New York,NY,10166,US
Abdul-Wahhab Maloof,Abdul-Wahhab,Maloof,Abdul-Wahhab.Maloof,Abdul-Wahhab.Maloof@abt-networks.net,Senior Developer,2452,281,IT Development,ABT Networks,12125990184 2452,ABT Networks,200 Park Avenue,New York,NY,10166,US
Ward Refai,Ward,Refai,Ward.Refai,Ward.Refai@abt-networks.net,Senior Developer,1670,569,IT Development,ABT Networks,12125990184 1670,ABT Networks,200 Park Avenue,New York,NY,10166,US
Juan Morgan,Juan,Morgan,Juan.Morgan,Juan.Morgan@abt-networks.net,Lead Developer,2202,512,IT Development,ABT Networks,12125990184 2202,ABT Networks,200 Park Avenue,New York,NY,10166,US
Bernadette Brissette,Bernadette,Brissette,Bernadette.Brissette,Bernadette.Brissette@abt-networks.net,Lead Developer,1940,1498,IT Development,ABT Networks,12125990184 1940,ABT Networks,200 Park Avenue,New York,NY,10166,US
Cora Thomas,Cora,Thomas,Cora.Thomas,Cora.Thomas@abt-networks.net,Senior Developer,1130,764,IT Development,ABT Networks,12125990184 1130,ABT Networks,200 Park Avenue,New York,NY,10166,US
Devon Torres,Devon,Torres,Devon.Torres,Devon.Torres@abt-networks.net,Senior Developer,2036,1546,IT Development,ABT Networks,12125990184 2036,ABT Networks,200 Park Avenue,New York,NY,10166,US
Alain Davignon,Alain,Davignon,Alain.Davignon,Alain.Davignon@abt-networks.net,Senior Developer,1974,1247,IT Development,ABT Networks,12125990184 1974,ABT Networks,200 Park Avenue,New York,NY,10166,US
Marina Rodriguez,Marina,Rodriguez,Marina.Rodriguez,Marina.Rodriguez@abt-networks.net,Software Engineer,1079,479,IT Development,ABT Networks,12125990184 1079,ABT Networks,200 Park Avenue,New York,NY,10166,US
Serafin Rodarte,Serafin,Rodarte,Serafin.Rodarte,Serafin.Rodarte@abt-networks.net,Software Engineer,1851,825,IT Development,ABT Networks,12125990184 1851,ABT Networks,200 Park Avenue,New York,NY,10166,US
Leticia Terrazas,Leticia,Terrazas,Leticia.Terrazas,Leticia.Terrazas@abt-networks.net,Software Engineer,1247,1418,IT Development,ABT Networks,12125990184 1247,ABT Networks,200 Park Avenue,New York,NY,10166,US
Homsi Boutros,Homsi,Boutros,Homsi.Boutros,Homsi.Boutros@abt-networks.net,Software Engineer,1309,1994,IT Development,ABT Networks,12125990184 1309,ABT Networks,200 Park Avenue,New York,NY,10166,US
Dharef Sayegh,Dharef,Sayegh,Dharef.Sayegh,Dharef.Sayegh@abt-networks.net,Software Engineer,2910,1463,IT Development,ABT Networks,12125990184 2910,ABT Networks,200 Park Avenue,New York,NY,10166,US
Isabelle Deniger,Isabelle,Deniger,Isabelle.Deniger,Isabelle.Deniger@abt-networks.net,Lead Developer,1563,894,IT Development,ABT Networks,12125990184 1563,ABT Networks,200 Park Avenue,New York,NY,10166,US
Aila Hotaki,Aila,Hotaki,Aila.Hotaki,Aila.Hotaki@abt-networks.net,Software Engineer,2210,1468,IT Development,ABT Networks,12125990184 2210,ABT Networks,200 Park Avenue,New York,NY,10166,US
Liane Cormier,Liane,Cormier,Liane.Cormier,Liane.Cormier@abt-networks.net,Lead Developer,1496,1241,IT Development,ABT Networks,12125990184 1496,ABT Networks,200 Park Avenue,New York,NY,10166,US
Max Morin,Max,Morin,Max.Morin,Max.Morin@abt-networks.net,Lead Developer,1496,1926,IT Development,ABT Networks,12125990184 1496,ABT Networks,200 Park Avenue,New York,NY,10166,US
Maisha Bishara,Maisha,Bishara,Maisha.Bishara,Maisha.Bishara@abt-networks.net,Software Engineer,2268,815,IT Development,ABT Networks,12125990184 2268,ABT Networks,200 Park Avenue,New York,NY,10166,US
Siham Izza,Siham,Izza,Siham.Izza,Siham.Izza@abt-networks.net,Software Engineer,2563,1827,IT Development,ABT Networks,12125990184 2563,ABT Networks,200 Park Avenue,New York,NY,10166,US
Ellis Turner,Ellis,Turner,Ellis.Turner,Ellis.Turner@abt-networks.net,Software Engineer,1231,965,IT Development,ABT Networks,12125990184 1231,ABT Networks,200 Park Avenue,New York,NY,10166,US
Claude Belisle,Dany,Belisle,Dany.Belisle,Dany.Belisle@abt-networks.net,Software Engineer,2830,260,IT Operations,ABT Networks,12125990184 2830,ABT Networks,200 Park Avenue,New York,NY,10166,US
Maxime Cote,Maxime,Cote,Maxime.Cote,Maxime.Cote@abt-networks.net,Software Engineer,2871,903,IT Operations,ABT Networks,12125990184 2871,ABT Networks,200 Park Avenue,New York,NY,10166,US
Hendri Marquis,Henri,Marquis,Henri.Marquis,Henri.Marquis@abt-networks.net,Software Engineer,1662,356,IT Operations,ABT Networks,12125990184 1662,ABT Networks,200 Park Avenue,New York,NY,10166,US
Alain Henry,Alain,Henry,Alain.Henry,Alain.Henry@abt-networks.net,Software Engineer,2972,1587,IT Operations,ABT Networks,12125990184 2972,ABT Networks,200 Park Avenue,New York,NY,10166,US
David Tremblay,David,Tremblay,David.Tremblay,David.Tremblay@abt-networks.net,Project Manager,1296,792,IT Operations,ABT Networks,12125990184 1296,ABT Networks,200 Park Avenue,New York,NY,10166,US
Candela Arrais,Candela,Arrais,Candela.Arrais,Candela.Arrais@abt-networks.net,Project Manager,1615,518,IT Operations,ABT Networks,12125990184 1615,ABT Networks,200 Park Avenue,New York,NY,10166,US
Isabel Robledo,Isabel,Robledo,Isabel.Robledo,Isabel.Robledo@abt-networks.net,Project Manager,1831,773,IT Operations,ABT Networks,12125990184 1831,ABT Networks,200 Park Avenue,New York,NY,10166,US
Miguel Torrez,Miguel,Torrez,Miguel.Torrez,Miguel.Torrez@abt-networks.net,Project Manager,2396,340,IT Operations,ABT Networks,12125990184 2396,ABT Networks,200 Park Avenue,New York,NY,10166,US
Mukhtar Sarraf,Mukhtar,Sarraf,Mukhtar.Sarraf,Mukhtar.Sarraf@abt-networks.net,Project Manager,2606,1058,IT Operations,ABT Networks,12125990184 2606,ABT Networks,200 Park Avenue,New York,NY,10166,US
Luciano Valentin,Luciano,Valentin,Luciano.Valentin,Luciano.Valentin@abt-networks.net,Call Center Representative,1441,1640,IT Support,ABT Networks,12125990184 1441,ABT Networks,200 Park Avenue,New York,NY,10166,US
Dabir Al-Zuhairi,Dabir,Al-Zuhairi,Dabir.Al-Zuhairi,Dabir.Al-Zuhairi@abt-networks.net,Call Center Representative,2720,301,IT Support,ABT Networks,12125990184 2720,ABT Networks,200 Park Avenue,New York,NY,10166,US
Eugenia Lopez,Eugenia,Lopez,Eugenia.Lopez,Eugenia.Lopez@abt-networks.net,Call Center Representative,1192,908,IT Support,ABT Networks,12125990184 1192,ABT Networks,200 Park Avenue,New York,NY,10166,US
Olivia Wilson,Olivia,Wilson,Olivia.Wilson,Olivia.Wilson@abt-networks.net,Director IT Support,2117,507,IT Support,ABT Networks,12125990184 2117,ABT Networks,200 Park Avenue,New York,NY,10166,US
Sydney Mattos,Sydney,Mattos,Sydney.Mattos,Sydney.Mattos@abt-networks.net,Call Center Representative,2086,123,IT Support,ABT Networks,12125990184 2086,ABT Networks,200 Park Avenue,New York,NY,10166,US
Tomas Richardson,Tomas,Richardson,Tomas.Richardson,Tomas.Richardson@abt-networks.net,System Administrator,1213,1641,IT Support,ABT Networks,12125990184 1213,ABT Networks,200 Park Avenue,New York,NY,10166,US
Markus Long,Markus,Long,Markus.Long,Markus.Long@abt-networks.net,System Administrator,1035,224,IT Support,ABT Networks,12125990184 1035,ABT Networks,200 Park Avenue,New York,NY,10166,US
Remy Morris,Remy,Morris,Remy.Morris,Remy.Morris@abt-networks.net,System Administrator,2571,1132,IT Support,ABT Networks,12125990184 2571,ABT Networks,200 Park Avenue,New York,NY,10166,US
Morgan Connors,Morgan,Connors,Morgan.Connors,Morgan.Connors@abt-networks.net,System Administrator,2793,1260,IT Support,ABT Networks,12125990184 2793,ABT Networks,200 Park Avenue,New York,NY,10166,US
Reed Flores,Reed,Flores,Reed.Flores,Reed.Flores@abt-networks.net,System Administrator,2687,553,IT Support,ABT Networks,12125990184 2687,ABT Networks,200 Park Avenue,New York,NY,10166,US
Charline Leblanc,Charline,Leblanc,Charline.Leblanc,Charline.Leblanc@abt-networks.net,Call Center Representative,2870,1128,IT Support,ABT Networks,12125990184 2870,ABT Networks,200 Park Avenue,New York,NY,10166,US
Charlie Roy,Charlie,Roy,Charlie.Roy,Charlie.Roy@abt-networks.net,IT Program Manager,2247,1183,IT Support,ABT Networks,12125990184 2247,ABT Networks,200 Park Avenue,New York,NY,10166,US
Thomas Bellefeuille,Thomas,Bellefeuille,Thomas.Bellefeuille,Thomas.Bellefeuille@abt-networks.net,Intern IT Support,1900,1083,IT Support Help Desk,ABT Networks,12125990184 1900,ABT Networks,200 Park Avenue,New York,NY,10166,US
Baha Nueimat,Baha,Nueimat,Baha.Nueimat,Baha.Nueimat@abt-networks.net,Intern IT Support,2246,1245,IT Support Help Desk,ABT Networks,12125990184 2246,ABT Networks,200 Park Avenue,New York,NY,10166,US
Lulu Kuzbari,Lulu,Kuzbari,Lulu.Kuzbari,Lulu.Kuzbari@abt-networks.net,Intern IT Support,2270,662,IT Support Help Desk,ABT Networks,12125990184 2270,ABT Networks,200 Park Avenue,New York,NY,10166,US
Anthony Ivanov,Anthony,Ivanov,Anthony.Ivanov,Anthony.Ivanov@abt-networks.net,Intern IT Support,2982,989,IT Support Help Desk,ABT Networks,12125990184 2982,ABT Networks,200 Park Avenue,New York,NY,10166,US
Desire Mendoza,Desire,Mendoza,Desire.Mendoza,Desire.Mendoza@abt-networks.net,IT Support Level 1,2084,1004,IT Support Help Desk,ABT Networks,12125990184 2084,ABT Networks,200 Park Avenue,New York,NY,10166,US
Caleb Foster,Caleb,Foster,Caleb.Foster,Caleb.Foster@abt-networks.net,Intern IT Support,2672,1756,IT Support Help Desk,ABT Networks,12125990184 2672,ABT Networks,200 Park Avenue,New York,NY,10166,US
Henry Ross,Henry,Ross,Henry.Ross,Henry.Ross@abt-networks.net,Intern IT Support,1963,412,IT Support Help Desk,ABT Networks,12125990184 1963,ABT Networks,200 Park Avenue,New York,NY,10166,US
Guillermo Rodarte,Guillermo,Rodarte,Guillermo.Rodarte,Guillermo.Rodarte@abt-networks.net,IT Support Level 1,2637,592,IT Support Help Desk,ABT Networks,12125990184 2637,ABT Networks,200 Park Avenue,New York,NY,10166,US
Jorge Alcala,Jorge,Alcala,Jorge.Alcala,Jorge.Alcala@abt-networks.net,IT Support Level 1,1874,701,IT Support Help Desk,ABT Networks,12125990184 1874,ABT Networks,200 Park Avenue,New York,NY,10166,US
Basel Karzai,Basel,Karzai,Basel.Karzai,Basel.Karzai@abt-networks.net,IT Support Level 1,1611,538,IT Support Help Desk,ABT Networks,12125990184 1611,ABT Networks,200 Park Avenue,New York,NY,10166,US
Radi Bettar,Radi,Bettar,Radi.Bettar,Radi.Bettar@abt-networks.net,IT Support Level 1,1197,1992,IT Support Help Desk,ABT Networks,12125990184 1197,ABT Networks,200 Park Avenue,New York,NY,10166,US
Maliha Shamoun,Maliha,Shamoun,Maliha.Shamoun,Maliha.Shamoun@abt-networks.net,IT Support Level 1,2108,264,IT Support Help Desk,ABT Networks,12125990184 2108,ABT Networks,200 Park Avenue,New York,NY,10166,US
Hasibah Naser,Hasibah,Naser,Hasibah.Naser,Hasibah.Naser@abt-networks.net,IT Support Level 1,1443,722,IT Support Help Desk,ABT Networks,12125990184 1443,ABT Networks,200 Park Avenue,New York,NY,10166,US
Sama Elnubi,Sama,Elnubi,Sama.Elnubi,Sama.Elnubi@abt-networks.net,IT Support Level 1,2862,446,IT Support Help Desk,ABT Networks,12125990184 2862,ABT Networks,200 Park Avenue,New York,NY,10166,US
Qamar Mounir,Qamar,Mounir,Qamar.Mounir,Qamar.Mounir@abt-networks.net,IT Support Level 2,1685,1130,IT Support Help Desk,ABT Networks,12125990184 1685,ABT Networks,200 Park Avenue,New York,NY,10166,US
Joseph Price,Joseph,Price,Joseph.Price,Joseph.Price@abt-networks.net,IT Support Level 2,2571,335,IT Support Help Desk,ABT Networks,12125990184 2571,ABT Networks,200 Park Avenue,New York,NY,10166,US
Vance DeLeon,Vance,DeLeon,Vance.DeLeon,Vance.DeLeon@abt-networks.net,Director IT HelpDesk,2450,1120,IT Support Help Desk,ABT Networks,12125990184 2450,ABT Networks,200 Park Avenue,New York,NY,10166,US
Christian Cartier,Christian,Cartier,Christian.Cartier,Christian.Cartier@abt-networks.net,IT Support Level 2,2429,241,IT Support Help Desk,ABT Networks,12125990184 2429,ABT Networks,200 Park Avenue,New York,NY,10166,US
Blaise Richer,Blaise,Richer,Blaise.Richer,Blaise.Richer@abt-networks.net,IT Support Level 2,1922,1540,IT Support Help Desk,ABT Networks,12125990184 1922,ABT Networks,200 Park Avenue,New York,NY,10166,US
angel Valadez,angel,Valadez,angel.Valadez,angel.Valadez@abt-networks.net,Attorney,1796,608,Legal,ABT Networks,12125990184 1796,ABT Networks,200 Park Avenue,New York,NY,10166,US
Bartolome Castellano,Bartolome,Castellano,Bartolome.Castellano,Bartolome.Castellano@abt-networks.net,Attorney,1988,1501,Legal,ABT Networks,12125990184 1988,ABT Networks,200 Park Avenue,New York,NY,10166,US
iker Arteaga,iker,Arteaga,iker.Arteaga,iker.Arteaga@abt-networks.net,Attorney,2698,1787,Legal,ABT Networks,12125990184 2698,ABT Networks,200 Park Avenue,New York,NY,10166,US
Rajab Quraishi,Rajab,Quraishi,Rajab.Quraishi,Rajab.Quraishi@abt-networks.net,Attorney,1049,833,Legal,ABT Networks,12125990184 1049,ABT Networks,200 Park Avenue,New York,NY,10166,US
Jacob Hancock,Jacob,Hancock,Jacob.Hancock,Jacob.Hancock@abt-networks.net,Attorney,2653,1272,Legal,ABT Networks,12125990184 2653,ABT Networks,200 Park Avenue,New York,NY,10166,US
Quincy Watson,Quincy,Watson,Quincy.Watson,Quincy.Watson@abt-networks.net,Attorney,2649,1691,Legal,ABT Networks,12125990184 2649,ABT Networks,200 Park Avenue,New York,NY,10166,US
Jerome Rivard,Jerome,Rivard,Jerome.Rivard,Jerome.Rivard@abt-networks.net,Attorney,2226,1237,Legal,ABT Networks,12125990184 2226,ABT Networks,200 Park Avenue,New York,NY,10166,US
Bernard Cote,Bernard,Cote,Bernard.Cote,Bernard.Cote@abt-networks.net,Graphic Designer,1120,1637,Marketing,ABT Networks,12125990184 1120,ABT Networks,200 Park Avenue,New York,NY,10166,US
Edurne Chavez,Edurne,Chavez,Edurne.Chavez,Edurne.Chavez@abt-networks.net,Graphic Designer,1865,1886,Marketing,ABT Networks,12125990184 1865,ABT Networks,200 Park Avenue,New York,NY,10166,US
Veronica Fuentes,Veronica,Fuentes,Veronica.Fuentes,Veronica.Fuentes@abt-networks.net,Graphic Designer,1051,1593,Marketing,ABT Networks,12125990184 1051,ABT Networks,200 Park Avenue,New York,NY,10166,US
Dameer Refai,Dameer,Refai,Dameer.Refai,Dameer.Refai@abt-networks.net,Graphic Designer,2413,1325,Marketing,ABT Networks,12125990184 2413,ABT Networks,200 Park Avenue,New York,NY,10166,US
Abdul-Qahhar Abadi,Abdul-Qahhar,Abadi,Abdul-Qahhar.Abadi,Abdul-Qahhar.Abadi@abt-networks.net,Graphic Designer,1150,1018,Marketing,ABT Networks,12125990184 1150,ABT Networks,200 Park Avenue,New York,NY,10166,US
Maha Kabara,Maha,Kabara,Maha.Kabara,Maha.Kabara@abt-networks.net,Graphic Designer,2491,889,Marketing,ABT Networks,12125990184 2491,ABT Networks,200 Park Avenue,New York,NY,10166,US
Hailey Clark,Hailey,Clark,Hailey.Clark,Hailey.Clark@abt-networks.net,Graphic Designer,1157,354,Marketing,ABT Networks,12125990184 1157,ABT Networks,200 Park Avenue,New York,NY,10166,US
Arianne Monty,Arianne,Monty,Arianne.Monty,Arianne.Monty@abt-networks.net,Graphic Designer,2130,121,Marketing,ABT Networks,12125990184 2130,ABT Networks,200 Park Avenue,New York,NY,10166,US
Camille Cartier,Camille,Cartier,Camille.Cartier,Camille.Cartier@abt-networks.net,Intern Marketing,1882,1868,Marketing,ABT Networks,12125990184 1882,ABT Networks,200 Park Avenue,New York,NY,10166,US
Robin Kline,Robin,Kline,Robin.Kline,Robin.Kline@abt-networks.net,Communications Agent,1231,613,Marketing,ABT Networks,12125990184 1231,ABT Networks,200 Park Avenue,New York,NY,10166,US
Quinn Campbell,Quinn,Campbell,Quinn.Campbell,Quinn.Campbell@abt-networks.net,Communications Agent,2299,1044,Marketing,ABT Networks,12125990184 2299,ABT Networks,200 Park Avenue,New York,NY,10166,US
Alexandre Chauvin,Alexandre,Chauvin,Alexandre.Chauvin,Alexandre.Chauvin@abt-networks.net,Communications Agent,2386,297,Marketing,ABT Networks,12125990184 2386,ABT Networks,200 Park Avenue,New York,NY,10166,US
Denis Bourgeois,Denis,Bourgeois,Denis.Bourgeois,Denis.Bourgeois@abt-networks.net,Communications Agent,2612,691,Marketing,ABT Networks,12125990184 2612,ABT Networks,200 Park Avenue,New York,NY,10166,US
Danielle Brasseur,Danielle,Brasseur,Danielle.Brasseur,Danielle.Brasseur@abt-networks.net,Communications Agent,2662,788,Marketing,ABT Networks,12125990184 2662,ABT Networks,200 Park Avenue,New York,NY,10166,US
Christophe Beaulieu,Christophe,Beaulieu,Christophe.Beaulieu,Christophe.Beaulieu@abt-networks.net,Communications Agent,2047,1053,Marketing,ABT Networks,12125990184 2047,ABT Networks,200 Park Avenue,New York,NY,10166,US
Gilbert Coupart,Gilbert,Coupart,Gilbert.Coupart,Gilbert.Coupart@abt-networks.net,Marketing PM,1880,1814,Marketing,ABT Networks,12125990184 1880,ABT Networks,200 Park Avenue,New York,NY,10166,US
Josephine Hebert,Josephine,Hebert,Josephine.Hebert,Josephine.Hebert@abt-networks.net,Marketing PM,1915,357,Marketing,ABT Networks,12125990184 1915,ABT Networks,200 Park Avenue,New York,NY,10166,US
Nicole Wagner,Nicole,Wagner,Nicole.Wagner,Nicole.Wagner@abt-networks.net,Marketing PM,2041,143,Marketing,ABT Networks,12125990184 2041,ABT Networks,200 Park Avenue,New York,NY,10166,US
Rory Nyuyen,Rory,Nguyen,Rory.Nguyen,Rory.Nguyen@abt-networks.net,Marketing PM,2617,1850,Marketing,ABT Networks,12125990184 2617,ABT Networks,200 Park Avenue,New York,NY,10166,US
Noor Wahdani,Noor,Wahdani,Noor.Wahdani,Noor.Wahdani@abt-networks.net,Product Designer,2534,1039,Marketing,ABT Networks,12125990184 2534,ABT Networks,200 Park Avenue,New York,NY,10166,US
Jordan Mitchell,Jordan,Mitchell,Jordan.Mitchell,Jordan.Mitchell@abt-networks.net,Product Designer,1323,1317,Marketing,ABT Networks,12125990184 1323,ABT Networks,200 Park Avenue,New York,NY,10166,US
Nathan Rigby,Nathan,Rigby,Nathan.Rigby,Nathan.Rigby@abt-networks.net,Product Designer,2028,1313,Marketing,ABT Networks,12125990184 2028,ABT Networks,200 Park Avenue,New York,NY,10166,US
Aline Dupuy,Aline,Dupuy,Aline.Dupuy,Aline.Dupuy@abt-networks.net,Product Designer,1382,439,Marketing,ABT Networks,12125990184 1382,ABT Networks,200 Park Avenue,New York,NY,10166,US
Heloise Cartier,Heloise,Cartier,Heloise.Cartier,Heloise.Cartier@abt-networks.net,Product Designer,1432,1372,Marketing,ABT Networks,12125990184 1432,ABT Networks,200 Park Avenue,New York,NY,10166,US
Sylvie Rocher,Sylvie,Rocher,Sylvie.Rocher,Sylvie.Rocher@abt-networks.net,Product Designer,1096,1151,Marketing,ABT Networks,12125990184 1096,ABT Networks,200 Park Avenue,New York,NY,10166,US
Felicienne Beaudouin,Felicienne,Beaudouin,Felicienne.Beaudouin,Felicienne.Beaudouin@abt-networks.net,Product Designer,2147,329,Marketing,ABT Networks,12125990184 2147,ABT Networks,200 Park Avenue,New York,NY,10166,US
Jean Nadeau,Jean,Nadeau,Jean.Nadeau,Jean.Nadeau@abt-networks.net,Product Designer,2812,1133,Marketing,ABT Networks,12125990184 2812,ABT Networks,200 Park Avenue,New York,NY,10166,US
Federico Tercedor,Federico,Tercedor,Federico.Tercedor,Federico.Tercedor@abt-networks.net,Marketing Specialist,1287,902,Marketing Research,ABT Networks,12125990184 1287,ABT Networks,200 Park Avenue,New York,NY,10166,US
Asier Fontiveros,Asier,Fontiveros,Asier.Fontiveros,Asier.Fontiveros@abt-networks.net,Marketing Specialist,2093,1870,Marketing Research,ABT Networks,12125990184 2093,ABT Networks,200 Park Avenue,New York,NY,10166,US
Cecilio Casanova,Cecilio,Casanova,Cecilio.Casanova,Cecilio.Casanova@abt-networks.net,Marketing Specialist,1676,501,Marketing Research,ABT Networks,12125990184 1676,ABT Networks,200 Park Avenue,New York,NY,10166,US
Larissa Sevilla,Larissa,Sevilla,Larissa.Sevilla,Larissa.Sevilla@abt-networks.net,Marketing Specialist,2228,1414,Marketing Research,ABT Networks,12125990184 2228,ABT Networks,200 Park Avenue,New York,NY,10166,US
Nicolas Ponce,Nicolas,Ponce,Nicolas.Ponce,Nicolas.Ponce@abt-networks.net,Marketing Specialist,1221,1463,Marketing Research,ABT Networks,12125990184 1221,ABT Networks,200 Park Avenue,New York,NY,10166,US
Malika Aswad,Malika,Aswad,Malika.Aswad,Malika.Aswad@abt-networks.net,Marketing Specialist,2022,1287,Marketing Research,ABT Networks,12125990184 2022,ABT Networks,200 Park Avenue,New York,NY,10166,US
Eric Solomon,Eric,Solomon,Eric.Solomon,Eric.Solomon@abt-networks.net,Marketing Specialist,2650,976,Marketing Research,ABT Networks,12125990184 2650,ABT Networks,200 Park Avenue,New York,NY,10166,US
Dylan Williams,Dylan,Williams,Dylan.Williams,Dylan.Williams@abt-networks.net,Marketing Specialist,2210,1481,Marketing Research,ABT Networks,12125990184 2210,ABT Networks,200 Park Avenue,New York,NY,10166,US
Mikaela Lee,Mikaela,Lee,Mikaela.Lee,Mikaela.Lee@abt-networks.net,Marketing Specialist,2429,354,Marketing Research,ABT Networks,12125990184 2429,ABT Networks,200 Park Avenue,New York,NY,10166,US
Maurice Boulet,Maurice,Boulet,Maurice.Boulet,Maurice.Boulet@abt-networks.net,Operations Project Manager,2834,630,Operations,ABT Networks,12125990184 2834,ABT Networks,200 Park Avenue,New York,NY,10166,US
Claude Aube,Claude,Aube,Claude.Aube,Claude.Aube@abt-networks.net,Business Analyst,1841,899,Operations,ABT Networks,12125990184 1841,ABT Networks,200 Park Avenue,New York,NY,10166,US
Theodore Saucier,Theodore,Saucier,Theodore.Saucier,Theodore.Saucier@abt-networks.net,Operations Project Manager,1432,1596,Operations,ABT Networks,12125990184 1432,ABT Networks,200 Park Avenue,New York,NY,10166,US
Raymond Boulet,Raymond,Boulet,Raymond.Boulet,Raymond.Boulet@abt-networks.net,Business Analyst,1321,549,Operations,ABT Networks,12125990184 1321,ABT Networks,200 Park Avenue,New York,NY,10166,US
Fabrice Richer,Fabrice,Richer,Fabrice.Richer,Fabrice.Richer@abt-networks.net,Operations Project Manager,1350,378,Operations,ABT Networks,12125990184 1350,ABT Networks,200 Park Avenue,New York,NY,10166,US
Camille Tremblay,Camille,Tremblay,Camille.Tremblay,Camille.Tremblay@abt-networks.net,Operations Project Manager,1595,984,Operations,ABT Networks,12125990184 1595,ABT Networks,200 Park Avenue,New York,NY,10166,US
Alejandra Arellano,Alejandra,Arellano,Alejandra.Arellano,Alejandra.Arellano@abt-networks.net,Operations Project Manager,2966,245,Operations,ABT Networks,12125990184 2966,ABT Networks,200 Park Avenue,New York,NY,10166,US
Marta Galvan,Marta,Galvan,Marta.Galvan,Marta.Galvan@abt-networks.net,Operations Project Manager,2059,900,Operations,ABT Networks,12125990184 2059,ABT Networks,200 Park Avenue,New York,NY,10166,US
Pedro Armijo,Pedro,Armijo,Pedro.Armijo,Pedro.Armijo@abt-networks.net,Business Analyst,1696,866,Operations,ABT Networks,12125990184 1696,ABT Networks,200 Park Avenue,New York,NY,10166,US
Liberto Valentin,Liberto,Valentin,Liberto.Valentin,Liberto.Valentin@abt-networks.net,Operations Project Manager,1738,1670,Operations,ABT Networks,12125990184 1738,ABT Networks,200 Park Avenue,New York,NY,10166,US
Yago Castaneda,Yago,Castaneda,Yago.Castaneda,Yago.Castaneda@abt-networks.net,Operations Project Manager,1544,1328,Operations,ABT Networks,12125990184 1544,ABT Networks,200 Park Avenue,New York,NY,10166,US
Gadi Kuzbari,Gadi,Kuzbari,Gadi.Kuzbari,Gadi.Kuzbari@abt-networks.net,Business Analyst,2547,1994,Operations,ABT Networks,12125990184 2547,ABT Networks,200 Park Avenue,New York,NY,10166,US
Jakeem Mustafa,Jakeem,Mustafa,Jakeem.Mustafa,Jakeem.Mustafa@abt-networks.net,Director Operations,2226,597,Operations,ABT Networks,12125990184 2226,ABT Networks,200 Park Avenue,New York,NY,10166,US
Kadijah Batlouni,Kadijah,Batlouni,Kadijah.Batlouni,Kadijah.Batlouni@abt-networks.net,Operations Manager,2695,407,Operations,ABT Networks,12125990184 2695,ABT Networks,200 Park Avenue,New York,NY,10166,US
Lisha Daher,Lisha,Daher,Lisha.Daher,Lisha.Daher@abt-networks.net,Business Analyst,1065,1386,Operations,ABT Networks,12125990184 1065,ABT Networks,200 Park Avenue,New York,NY,10166,US
Lucine Homsi,Lucine,Homsi,Lucine.Homsi,Lucine.Homsi@abt-networks.net,Business Analyst,1412,1494,Operations,ABT Networks,12125990184 1412,ABT Networks,200 Park Avenue,New York,NY,10166,US
Azeem Ghanem,Azeem,Ghanem,Azeem.Ghanem,Azeem.Ghanem@abt-networks.net,Business Analyst,2918,284,Operations,ABT Networks,12125990184 2918,ABT Networks,200 Park Avenue,New York,NY,10166,US
Amber Rodriguez,Amber,Rodriguez,Amber.Rodriguez,Amber.Rodriguez@abt-networks.net,Business Analyst,2398,1293,Operations,ABT Networks,12125990184 2398,ABT Networks,200 Park Avenue,New York,NY,10166,US
Malik Barden,Malik,Barden,Malik.Barden,Malik.Barden@abt-networks.net,Business Analyst,1653,1985,Operations,ABT Networks,12125990184 1653,ABT Networks,200 Park Avenue,New York,NY,10166,US
Andree Rocher,Andree,Rocher,Andree.Rocher,Andree.Rocher@abt-networks.net,Business Analyst,2203,1471,Operations,ABT Networks,12125990184 2203,ABT Networks,200 Park Avenue,New York,NY,10166,US
Ariane Pannetier,Ariane,Pannetier,Ariane.Pannetier,Ariane.Pannetier@abt-networks.net,Business Analyst,2400,791,Operations,ABT Networks,12125990184 2400,ABT Networks,200 Park Avenue,New York,NY,10166,US
David Pulido,David,Pulido,David.Pulido,David.Pulido@abt-networks.net,Receptionist,2551,107,Reception,ABT Networks,12125990184 2551,ABT Networks,200 Park Avenue,New York,NY,10166,US
Gerardo Palacios,Gerardo,Palacios,Gerardo.Palacios,Gerardo.Palacios@abt-networks.net,Receptionist,2533,1792,Reception,ABT Networks,12125990184 2533,ABT Networks,200 Park Avenue,New York,NY,10166,US
Nuria Acevedo,Nuria,Acevedo,Nuria.Acevedo,Nuria.Acevedo@abt-networks.net,Receptionist,2453,597,Reception,ABT Networks,12125990184 2453,ABT Networks,200 Park Avenue,New York,NY,10166,US
Ashley Schroeder,Ashley,Schroeder,Ashley.Schroeder,Ashley.Schroeder@abt-networks.net,Receptionist,2015,888,Reception,ABT Networks,12125990184 2015,ABT Networks,200 Park Avenue,New York,NY,10166,US
Michael Peltier,Michael,Peltier,Michael.Peltier,Michael.Peltier@abt-networks.net,Receptionist,1819,1470,Reception,ABT Networks,12125990184 1819,ABT Networks,200 Park Avenue,New York,NY,10166,US
elisabeth Arcouet,Elisabeth,Arcouet,Elisabeth.Arcouet,Elisabeth.Arcouet@abt-networks.net,Receptionist,2199,866,Reception,ABT Networks,12125990184 2199,ABT Networks,200 Park Avenue,New York,NY,10166,US
Genevieve Bousquet,Genevieve,Bousquet,Genevieve.Bousquet,Genevieve.Bousquet@abt-networks.net,Receptionist,2423,1845,Reception,ABT Networks,12125990184 2423,ABT Networks,200 Park Avenue,New York,NY,10166,US
Laura Melgar,Laura,Melgar,Laura.Melgar,Laura.Melgar@abt-networks.net,Sales Representative,2317,1455,Sales,ABT Networks,12125990184 2317,ABT Networks,200 Park Avenue,New York,NY,10166,US
Aisha Al-Lami,Aisha,Al-Lami,Aisha.Al-Lami,Aisha.Al-Lami@abt-networks.net,Sales Representative,2857,1427,Sales,ABT Networks,12125990184 2857,ABT Networks,200 Park Avenue,New York,NY,10166,US
Amal Skye,Amal,Skye,Amal.Skye,Amal.Skye@abt-networks.net,Sales Representative,2729,1526,Sales,ABT Networks,12125990184 2729,ABT Networks,200 Park Avenue,New York,NY,10166,US
Natasha Jones,Natasha,Jones,Natasha.Jones,Natasha.Jones@abt-networks.net,Sales Representative,2591,1517,Sales,ABT Networks,12125990184 2591,ABT Networks,200 Park Avenue,New York,NY,10166,US
Madison Butler,Madison,Butler,Madison.Butler,Madison.Butler@abt-networks.net,Sales Representative,1245,1659,Sales,ABT Networks,12125990184 1245,ABT Networks,200 Park Avenue,New York,NY,10166,US
Monica Thomson,Monica,Thompson,Monica.Thompson,Monica.Thompson@abt-networks.net,Sales Representative,2906,150,Sales,ABT Networks,12125990184 2906,ABT Networks,200 Park Avenue,New York,NY,10166,US
Serena Davis,Serena,Davis,Serena.Davis,Serena.Davis@abt-networks.net,Sales Representative,1445,391,Sales,ABT Networks,12125990184 1445,ABT Networks,200 Park Avenue,New York,NY,10166,US
Sidney Bellefeuille,Sidney,Bellefeuille,Sidney.Bellefeuille,Sidney.Bellefeuille@abt-networks.net,Sales Representative,2256,1828,Sales,ABT Networks,12125990184 2256,ABT Networks,200 Park Avenue,New York,NY,10166,US
Renata Amaya,Renata,Amaya,Renata.Amaya,Renata.Amaya@abt-networks.net,Sales Manager,2991,1530,Sales,ABT Networks,12125990184 2991,ABT Networks,200 Park Avenue,New York,NY,10166,US
Thaqib Hakimi,Thaqib,Hakimi,Thaqib.Hakimi,Thaqib.Hakimi@abt-networks.net,Sales Manager,1007,572,Sales,ABT Networks,12125990184 1007,ABT Networks,200 Park Avenue,New York,NY,10166,US
Renata Hall,Renata,Hall,Renata.Hall,Renata.Hall@abt-networks.net,Sales Manager,2046,549,Sales,ABT Networks,12125990184 2046,ABT Networks,200 Park Avenue,New York,NY,10166,US
Oscar Ward,Oscar,Ward,Oscar.Ward,Oscar.Ward@abt-networks.net,Sales Manager,2062,1192,Sales,ABT Networks,12125990184 2062,ABT Networks,200 Park Avenue,New York,NY,10166,US
Gerard Belisle,Gerard,Belisle,Gerard.Belisle,Gerard.Belisle@abt-networks.net,Sales Manager,1570,1666,Sales,ABT Networks,12125990184 1570,ABT Networks,200 Park Avenue,New York,NY,10166,US
Gilbert Lacroix,Gilbert,Lacroix,Gilbert.Lacroix,Gilbert.Lacroix@abt-networks.net,Sales Manager,2924,1057,Sales,ABT Networks,12125990184 2924,ABT Networks,200 Park Avenue,New York,NY,10166,US
Sergio Tijerina,Sergio,Tijerina,Sergio.Tijerina,Sergio.Tijerina@abt-networks.net,Executive Assistant,1745,1858,Senior Leadership Team,ABT Networks,12125990184 1745,ABT Networks,200 Park Avenue,New York,NY,10166,US
Jibran Sabbagh,Jibran,Sabbagh,Jibran.Sabbagh,Jibran.Sabbagh@abt-networks.net,Executive Assistant,2047,294,Senior Leadership Team,ABT Networks,12125990184 2047,ABT Networks,200 Park Avenue,New York,NY,10166,US
Nihad Samaha,Nihad,Samaha,Nihad.Samaha,Nihad.Samaha@abt-networks.net,Executive Assistant,2327,1720,Senior Leadership Team,ABT Networks,12125990184 2327,ABT Networks,200 Park Avenue,New York,NY,10166,US
Wesam Baraa,Wesam,Baraa,Wesam.Baraa,Wesam.Baraa@abt-networks.net,Executive Assistant,2005,1085,Senior Leadership Team,ABT Networks,12125990184 2005,ABT Networks,200 Park Avenue,New York,NY,10166,US
Baraa Mestaghanmi,Baraa,Mestaghanmi,Baraa.Mestaghanmi,Baraa.Mestaghanmi@abt-networks.net,Executive Assistant,2267,1482,Senior Leadership Team,ABT Networks,12125990184 2267,ABT Networks,200 Park Avenue,New York,NY,10166,US
Brian Baldock,Brian,Baldock,Brian.Baldock,Brian.Baldock@abt-networks.net,Corporate Vice President,2368,1921,Senior Leadership Team,ABT Networks,12125990184 2368,ABT Networks,201 Park Avenue,New York,NY,10166,US
Dave Goldman,Dave,Goldman,Dave.Goldman,Dave.Goldman@abt-networks.net,Corporate Vice President,1423,691,Senior Leadership Team,ABT Networks,12125990184 1423,ABT Networks,202 Park Avenue,New York,NY,10166,US
Manish Patel,Manish,Patel,Manish.Patel,Manish.Patel@abt-networks.net,Corporate Vice President,1799,1336,Senior Leadership Team,ABT Networks,12125990184 1799,ABT Networks,203 Park Avenue,New York,NY,10166,US
Jacob Sgro,Jacob,Sgro,Jacob.Sgro,Jacob.Sgro@abt-networks.net,Corporate Vice President,1461,1157,Senior Leadership Team,ABT Networks,12125990184 1461,ABT Networks,204 Park Avenue,New York,NY,10166,US
Sandy McGregor,Sandy,McGregor,Sandy.McGregor,Sandy.McGregor@abt-networks.net,Corporate Vice President,1463,1155,Senior Leadership Team,ABT Networks,12125990184 1463,ABT Networks,205 Park Avenue,New York,NY,10166,US
Ana Bowman,Ana,Bowman,Ana.Bowman,Ana.Bowman@abt-networks.net,Technical Sales Manager,2561,620,Technical Sales,ABT Networks,12125990184 2561,ABT Networks,200 Park Avenue,New York,NY,10166,US
Andre Lawson,Andre,Lawson,Andre.Lawson,Andre.Lawson@abt-networks.net,Technical Sales Associate,2197,576,Technical Sales,ABT Networks,12125990184 2197,ABT Networks,200 Park Avenue,New York,NY,10166,US
Mateo Gomez,Mateo,Gomez,Mateo.Gomez,Mateo.Gomez@abt-networks.net,Technical Sales Associate,1528,621,Technical Sales,ABT Networks,12125990184 1528,ABT Networks,200 Park Avenue,New York,NY,10166,US
Wesley Brooks,Wesley,Brooks,Wesley.Brooks,Wesley.Brooks@abt-networks.net,Technical Sales Associate,1833,1112,Technical Sales,ABT Networks,12125990184 1833,ABT Networks,200 Park Avenue,New York,NY,10166,US
Mario Rogers,Mario,Rogers,Mario.Rogers,Mario.Rogers@abt-networks.net,Technical Sales Associate,2460,651,Technical Sales,ABT Networks,12125990184 2460,ABT Networks,200 Park Avenue,New York,NY,10166,US
Victoria Burke,Victoria,Burke,Victoria.Burke,Victoria.Burke@abt-networks.net,Technical Sales Associate,2172,472,Technical Sales,ABT Networks,12125990184 2172,ABT Networks,200 Park Avenue,New York,NY,10166,US
Arianne Brunelle,Arianne,Brunelle,Arianne.Brunelle,Arianne.Brunelle@abt-networks.net,Technical Sales Associate,2028,396,Technical Sales,ABT Networks,12125990184 2028,ABT Networks,200 Park Avenue,New York,NY,10166,US
Bernadette Sylvain,Bernadette,Sylvain,Bernadette.Sylvain,Bernadette.Sylvain@abt-networks.net,Technical Sales Associate,2225,1394,Technical Sales,ABT Networks,12125990184 2225,ABT Networks,200 Park Avenue,New York,NY,10166,US
Camille Brunelle,Camille,Brunelle,Camille.Brunelle,Camille.Brunelle@abt-networks.net,Technical Sales Associate,1989,1598,Technical Sales,ABT Networks,12125990184 1989,ABT Networks,200 Park Avenue,New York,NY,10166,US
Alix Gauthier,Alix,Gauthier,Alix.Gauthier,Alix.Gauthier@abt-networks.net,Technical Sales Associate,2009,276,Technical Sales,ABT Networks,12125990184 2009,ABT Networks,200 Park Avenue,New York,NY,10166,US
Christian Lacombe,Christian,Lacombe,Christian.Lacombe,Christian.Lacombe@abt-networks.net,Technical Sales Associate,2940,1112,Technical Sales,ABT Networks,12125990184 2940,ABT Networks,200 Park Avenue,New York,NY,10166,US
Jacqueline Grondin,Jacqueline,Grondin,Jacqueline.Grondin,Jacqueline.Grondin@abt-networks.net,Technical Sales Associate,2364,632,Technical Sales,ABT Networks,12125990184 2364,ABT Networks,200 Park Avenue,New York,NY,10166,US
Khayriyah Khouri,Khayriyah,Khouri,Khayriyah.Khouri,Khayriyah.Khouri@abt-networks.net,Technical Sales PM,2298,1969,Technical Sales,ABT Networks,12125990184 2298,ABT Networks,200 Park Avenue,New York,NY,10166,US
Graham Barnes,Graham,Barnes,Graham.Barnes,Graham.Barnes@abt-networks.net,Technical Sales PM,1070,928,Technical Sales,ABT Networks,12125990184 1070,ABT Networks,200 Park Avenue,New York,NY,10166,US
Carol Bouchard,Eden,Bouchard,Eden.Bouchard,Eden.Bouchard@abt-networks.net,Technical Sales PM,1075,868,Technical Sales,ABT Networks,12125990184 1075,ABT Networks,200 Park Avenue,New York,NY,10166,US
Thomas Margand,Thomas,Margand,Thomas.Margand,Thomas.Margand@abt-networks.net,Technical Sales Associate,2220,1050,Technical Sales,ABT Networks,12125990184 2220,ABT Networks,200 Park Avenue,New York,NY,10166,US
Arthur Levesque,Arthur,Levesque,Arthur.Levesque,Arthur.Levesque@abt-networks.net,Technical Sales Associate,2970,854,Technical Sales,ABT Networks,12125990184 2970,ABT Networks,200 Park Avenue,New York,NY,10166,US
